117202143008,叶原界
117278176752,崔析法
117722225688,程够常
117316086366,彭理理
117599907411,韩算该
117186154961,彭文望
117119290543,赵还地
117463420873,王用界
117294032205,张高型
117208598181,韩够一
118046413919,陆易广
117467334877,潘的讲
117570843900,汪高理
117569126859,沈的混
117765304877,曹使一
117293319713,崔该使
117387211285,沈泛高
117949357325,沈对合
117462155484,何业最
117901576555,谢进讲
117947967461,陆期用
118007878034,邓读是
117817699139,陆能算
117582574583,罗后种
117942129058,王泛原
117254623899,陆合混
117254054028,叶用混
117969006511,谢是分
117963125019,宋型用
117880861810,谢文俗
117604856750,许常最
117982469129,程类为
117780174877,邓地种
117861366627,唐混模
117049090186,程混讲
117178163203,冯最行
117954268261,蔡后混
117758399806,何文直
117665521999,卢文对
118001933830,邓用高
117263417214,陆参期
117636592793,钱文俗
117916965719,彭本混
118050782710,钱读俗
117430583299,杜模懂
117226030649,许俗广
117058008535,李参对
117546221255,宋泛理
117995451671,叶参斯
117557065743,邓参通
117206781320,潘算望
117834207936,袁读参
117124026405,梁讲常
117401003210,卢期讲
117094241303,韩广方
118068470185,陆理类
117478176046,叶文类
117644373762,谢讲合
117951508668,李布直
117896085483,叶最类
117527060237,汪方斯
117473746660,杜能种
117287599991,张是本
117693866669,邓观模
117643221907,邓解对
117107834738,邓读分
117845119392,宋解泛
117258682210,崔该为
118007252847,钱类为
118061960170,程后是
117076687717,崔作观
117493925209,张原广
118045656345,程的本
117496579907,罗够析
117156016151,沈最分
118027603293,彭斯了
117158852157,袁析另
117477771268,陆理作
117942741875,潘析参
117061662302,梁常易
117870717915,卢种够
117532998235,冯该期
117663379162,何俗者
117420221900,谢广另
117529252282,钱原懂
117829106753,谢的解
117846407696,邓界地
117906995696,王斯期
117543925510,崔聚通
117778775285,邓该解
117409538506,蔡望望
118041667124,卢对布
117620622923,崔用的
118035179699,汪聚原
117293977508,许读进
117732836184,杜观聚
117679511897,陆见数
117780540442,杜对懂
117343982413,钱聚地
117035225586,沈合混
117077250261,崔析使
117175885608,罗本常
118024892071,汪理界
117910801718,袁的观
117232648266,袁泛型
117409897086,袁是文
117783154581,张直进
117085257654,叶是原
117839568024,梁种是
117737596866,袁读见
117800643889,陆讲使
117834889580,蔡使讲
117048752073,宋了高
117656146390,冯高参
117603250217,赵通观
117581303066,叶布混
117422614156,钱高后
117989650970,彭型作
117916059187,崔观方
117337386544,何最理
117632737869,李一算
117312315026,许分斯
117048171626,赵使该
117722425561,蔡最更
117159754703,袁对作
117698352966,袁作界
117648506866,汪了聚
117907822047,李了的
117973773737,何析一
118067116525,何俗更
117393516074,谢斯了
117574611589,谢另讲
117637538628,张者使
117624050553,陆用作
117693452516,杜高是
117434816458,蔡望高
117679032701,邓参广
117146425160,韩布用
117841973194,宋对是
117510853520,赵直方
118037165532,陆析另
117784260645,冯该使
117627204703,陆常期
117938021937,袁型本
117242932629,袁能斯
117458836517,汪通用
118066593324,邓是者
117762537040,程对对
117389141740,叶解种
117943948908,赵界进
117662453390,卢混者
117428583018,罗更型
117301398295,卢期另
117672521598,谢作广
117942629217,唐斯模
117098829831,程种模
117718282270,宋参的
117860797114,杜常懂
117934310848,赵另另
117076091113,叶见对
117342992647,汪高业
117485210221,沈原聚
117634107559,冯法法
117172823498,杜对者
117712391337,杜懂更
117771309470,冯读该
117276983860,韩作业
118075861270,李解布
117138200736,杜型行
117268868730,罗者易
117600390601,程解进
117425712059,王观数
117539245563,汪法析
117293863169,崔种斯
118000363695,陆文后
117977033387,崔通讲
117222384224,袁原用
117865687041,梁合原
118001091577,邓该地
117833188429,袁使业
117735410120,韩懂使
117509589606,许参斯
117470222093,宋通懂
117999188813,程为常
117429225021,邓原高
117809735151,沈使理
117444021259,李期的
117717257371,许布聚
117395742602,卢原通
117271940205,李界的
117272857756,赵界界
117685537788,蔡该参
117928376531,唐俗析
117868814097,梁使该
117688168733,崔直解
118039858435,叶是进
117377227771,钱望种
117522317906,杜用期
117877851121,谢者地
117642737042,卢作另
117532580366,汪文混
117249595337,钱易种
117288508956,王直业
117640888973,卢数高
117981724513,程后常
117967322260,罗更类
117486203618,许后期
117773170762,崔够该
117395539353,钱俗通
117395724210,沈懂还
117442060724,叶还泛
117333838708,沈进该
117321599833,李文作
117354377810,唐易法
117586073895,彭作本
117390201666,李混法
117385719076,赵高型
117032965933,沈使界
117253024276,汪聚业
117785658207,赵读了
117607551995,叶另法
118003299063,袁型业
117573807276,梁混算
117111940565,唐用了
117039235166,宋常期
117944926264,韩另是
117997874721,钱分者
117862466038,曹的解
117306534623,赵行方
117700408312,李用了
117748751539,梁望能
117783190783,沈读为
117625910084,邓该作
117384684727,邓类进
117427195855,杜斯最
117114712487,何常是
118032298566,宋数作
117109529430,冯观用
117286017588,崔广广
117785959435,冯另见
117142928779,蔡望直
117340517214,杜聚使
117440821731,杜期算
117769286414,许读本
117817773145,唐混还
117033981397,沈懂的
117851256990,潘布泛
118055853622,何类分
117664831075,冯析本
117974701971,程作望
117156553100,叶能后
117676417261,韩了参
117159803873,钱见了
117891649834,程够常
117796843679,蔡见的
117113591722,唐常了
117775800327,曹望俗
117949648014,程俗业
117302337680,梁最该
117541148247,罗作见
117906640193,何通分
117527671097,张析种
117846755106,李作讲
117194299524,崔分还
117899563643,程见业
117440154114,何聚俗
117248366800,杜读易
117132893579,叶见该
117070986155,邓期期
117591148073,韩行混
117634155047,汪讲合
117454273664,钱类聚
117938970976,叶常为
117768735380,罗布进
117269921894,叶原是
117544967849,彭最另
117712403360,曹作见
117790813915,罗是是
117623581328,唐常原
117830267181,汪法读
117512976207,罗算观
117340535149,袁业期
117772657333,袁混文
117712205145,张模俗
118040770175,陆类该
117806184378,钱斯后
117994965711,杜够为
117613590152,曹观够
117889020149,陆一者
117203466594,蔡后布
117105442364,张后合
117889266424,袁见望
117816783763,蔡高读
117511779621,韩数见
117146418348,邓业业
118029884586,曹易使
117623830362,叶见期
117907295501,何使类
117695488370,叶算的
117693316544,唐讲易
117496504796,梁期理
117476265670,彭种作
117696239388,杜作讲
118068662471,潘还文
117130222002,宋数是
118052944042,钱能分
117359080343,王方聚
117471774256,李还的
117140443074,韩懂算
117379083071,梁见高
117739911872,杜通种
117910617363,何合最
117522781325,梁业参
118063195974,何方更
117895342726,彭的通
117087454826,唐广参
117288062987,王讲讲
117982487648,李界见
117431841118,汪析算
117197158151,蔡最最
117628292227,程理布
117372445075,李合泛
117911155014,许常易
117787386337,何常参
117582065090,沈广型
117072397084,韩为地
117215914375,陆聚为
117952810457,钱后通
117039504985,崔对广
118050229894,汪理通
117621818352,彭行作
117295676888,赵数算
118079906099,许通直
117514013984,袁型后
117324484479,罗该参
117364748270,曹够原
117874610074,汪布数
117593938577,钱常本
117878802980,沈为数
117123873469,韩更最
117863692756,蔡读常
117790856547,何观本
117436642755,韩讲作
117922026075,杜者后
117404415848,崔文俗
117104464377,王原常
117948559207,李法混
118030129674,许够聚
118036175463,冯直文
117849176939,张后分
117864164218,崔混后
117460662895,宋本讲
117492533394,袁后法
117996060884,陆算者
118038470130,程法混
117739894153,杜本理
117619481357,许讲原
117153643876,宋地地
117343319895,杜另高
117588942997,王广一
117828779941,王能进
117906194781,王泛使
117254550299,袁算为
117391214614,蔡模易
117188240395,程望用
117798544810,谢型混
117564871562,崔对够
118060021013,陆还业
117797012986,冯常算
117616766927,邓方易
117057468644,邓能后
117939566501,杜解俗
117695540164,宋使参
117222328624,王直懂
117261548057,宋方够
117498218803,蔡析易
117344748793,袁解望
117361070779,卢能解
118077955421,陆一了
117933367119,程对懂
117772871459,叶析析
117358239120,谢分期
117779675220,曹参种
117717422011,杜类望
117969408489,蔡本作
117112544470,崔合数
117333036649,冯期广
117239242457,唐的了
117224362842,罗模望
117149298055,赵种者
117530938969,袁合理
117954948341,彭地法
117644333781,崔斯聚
117137493040,崔型界
117151165570,袁对模
117090508907,陆分种
117268761945,王了析
118075680763,叶模者
117549049053,何合泛
117688551958,陆析数
118069708588,谢通模
118045905482,罗是一
117667043006,张种型
117648174025,杜期讲
117547672333,许通观
117470854770,钱最方
117183216652,叶使合
118065644154,沈数俗
117715465742,沈对还
117253335777,何方原
117590375577,卢混懂
117525558792,张析最
117800959235,叶作的
117682596088,崔常算
117158732700,崔方地
118021306545,卢本本
117488524120,梁对直
117997334286,曹高能
117934119620,李理望
117829198325,杜常常
117284084978,宋对业
117152619058,冯方广
117137285121,蔡作使
117722117274,唐该参
117770770209,韩原该
117128646957,程者另
118010440662,叶数分
117199268384,卢聚讲
117364663834,叶对原
117984826054,叶业者
117222525132,张俗的
117622374825,袁使更
117791188168,梁最混
118027853072,彭俗该
117572168695,冯通望
117951326108,彭泛方
117309482776,梁观够
117821212732,罗本期
117636685916,蔡类法
117806373413,崔参望
117158657164,崔种原
117259342559,谢解方
117940048832,彭见读
117483577548,赵法使
117376377331,何更合
118045489170,杜算后
118065772216,何见够
117766802238,蔡读地
117649120801,蔡俗期
117469181754,钱型了
117169049389,蔡对直
117105806496,何地文
117488455302,沈用业
118036799929,梁期者
117394701823,罗泛算
117935897187,罗类解
118010620339,张泛另
117647149947,崔布观
117777715263,潘斯模
117283367770,叶业数
117310615875,李本使
117319065245,曹原本
117685459508,汪易一
117652589688,赵者另
117086835031,程的高
117907263095,汪合算
117606582244,陆模者
117787124301,王最易
117783659782,潘最布
117259679933,韩能直
117283810767,张混期
117218240510,谢混用
117342348580,叶理够
117420660279,谢本地
117595100250,崔用聚
117149852803,李期更
117666185202,蔡者是
117619271771,叶能使
117053753436,韩对文
117625281700,邓本的
118071295349,韩对对
118017341339,唐见进
117683967281,钱的方
117336419786,唐地聚
117566400293,邓见原
117528579013,蔡见广
117591918504,冯者种
118031276688,袁分更
117273685798,罗对业
117856406785,赵直文
117507224024,冯析数
117624701376,梁一模
117579446877,冯种算
117533026939,宋直使
117615211510,杜分俗
117764449664,梁够模
117775473420,李通混
117404573468,汪还的
117170582758,钱作布
117448157957,赵解是
117354954045,彭进后
117826064920,罗模讲
117347060293,宋能后
117411320257,谢文原
117326064153,程本俗
117315031131,张析界
117855533367,宋期另
117973763580,钱高懂
117070742194,李易期
117764698692,彭析析
117756568227,崔最析
117513883318,何本界
118044736420,王者原
117123468491,唐对类
117098311783,冯望最
118078890480,罗一俗
117378890361,汪为另
117108734141,何能另
117930346202,邓讲混
117841784433,唐型作
117303340662,李参读
117981126502,潘俗更
117188396185,曹作原
117099385028,陆聚型
117637244113,何另析
117068555248,张聚最
117750042046,杜直是
117967624867,许泛懂
117328233375,谢泛使
117590015642,曹最常
117694563684,唐观能
117296030300,彭是为
117095910054,杜参析
117082569514,李混行
117473017741,韩者更
118049154735,陆合该
117078521725,程后为
117553292524,罗的聚
117498748020,程理高
118039439265,张讲解
117189262580,罗类使
117758737335,袁该懂
117749177486,韩斯能
117050134245,杜俗懂
117735581880,蔡种能
117546110822,蔡直方
117711855992,陆斯使
117949190392,李期对
118039551475,冯用常
117134523084,张的分
117047993325,蔡参易
117718219897,梁泛析
117570062597,沈斯聚
117380778602,李读析
117615943905,谢聚期
117357033853,宋读参
117789157720,罗原理
117511653676,钱界分
117505751223,宋布能
117991020686,韩更业
117157627728,梁见聚
117426915349,袁法读
117688769216,陆原懂
117734419872,曹懂是
117686521538,叶进易
117263664306,赵另斯
117287414401,叶理观
117297195136,陆模泛
117582861653,曹析泛
117658021024,梁数析
117940248197,叶作种
117845520657,张一读
117457886317,梁泛界
117332959262,杜俗使
117443871982,罗文望
117877232811,梁斯够
117095992318,彭文理
117076384399,汪类使
117799080799,李泛类
117509462530,罗理原
118074142087,陆分对
117695976722,杜见本
117229140335,许理广
117640452352,汪广为
117501060133,程混模
117186268596,许懂了
117259332462,王参了
117583114857,程望期
117539123868,张另种
117317343677,张了方
117722999862,韩易懂
117652231276,唐期懂
117892290746,何型使
117621346963,彭业理
118025823602,王界混
117309666390,谢本该
117112144401,梁够原
117940198947,何理读
117361784624,张混了
117072639529,梁参用
117079568169,蔡界直
117376216951,邓聚进
117486646928,汪对合
117930707713,沈类还
118010088647,王进种
117394141233,卢者法
117172934104,袁析观
117447310211,崔泛业
117899681727,韩使法
118051370973,彭望类
117053739084,卢者俗
117939161426,唐另最
117796558593,何斯更
117993126523,何模观
117540351736,王聚为
117849509189,沈是数
117718202390,许算还
117244263523,唐分参
117678599679,叶聚对
117228130475,陆聚是
117717003367,曹业还
117815702392,赵另泛
117578751195,卢类常
117293608983,程为数
117076175285,袁参用
117828948872,谢算理
117595609009,袁广最
117212591516,叶后期
117704008062,张合后
117765368799,冯读了
117999932171,何种混
117674261917,唐合高
117855209956,叶理解
117115573308,汪见另
117741313371,卢高对
117694839610,彭另见
117661929162,沈聚懂
117684207094,潘法对
117936969553,崔后俗
117258619962,赵广斯
117906830689,彭讲够
117788576041,袁斯合
117625489666,潘是一
117046327917,彭通法
117230643342,罗该为
117667217471,程地参
117147131791,袁望为
117503773173,蔡后原
117306316524,冯分析
117617233537,谢后懂
117125496257,袁模参
117897201459,韩理是
117590128069,张解观
117841080624,张地行
117287782404,何讲更
117677605678,钱界混
117479351758,冯解常
117031072093,卢能通
117530834106,潘够常
117582007756,袁泛懂
117769137440,曹者该
117695653481,袁原直
117128455083,许更期
117148574669,陆还作
118003831942,曹望一
117925970935,韩用参
117544342501,宋布是
117892653586,王业合
118071200634,罗分该
117192589001,陆模是
117812636950,程混理
117901838672,彭是够
117443528321,谢布合
117912461885,钱期见
117069041092,许为懂
117597586634,程能能
117397966793,许的通
117428678833,卢作用
117510164046,陆常类
117624692108,卢者最
117488910482,曹进另
117050588886,王读对
117593737952,张俗能
117901772208,冯业参
117577354545,卢是进
117499999315,崔使斯
117685096217,崔最懂
117857576830,蔡算参
117457985370,钱使为
117964394329,卢数文
118044300032,曹文用
117796763186,蔡够易
117837982445,何常混
117477154980,谢文析
117553012994,李作还
117628402431,卢能通
117521575940,韩俗析
117759522022,许直文
117688097862,陆型理
117920048798,罗方混
117663137417,邓最行
117323383868,陆地理
117719921746,韩读了
117638024127,程对高
118002439720,曹另了
117965732537,赵业使
117527489855,崔对高
117620887271,袁是数
117852494409,陆是合
117276091109,崔后最
117802337676,彭聚算
117248924724,崔作通
117951981450,程数解
117242044859,邓后见
117480552584,王类合
117111246397,梁懂分
117152250574,杜更分
117488454387,韩俗俗
118070522640,王了种
117957442459,李本本
117034573954,杜观广
117281191003,张了作
117298131628,彭读斯
117843066026,宋斯聚
117954345899,唐本为
117291956433,袁讲常
117569534294,赵地型
117158495360,谢观行
117366326286,何为合
117824219143,许种了
117298331544,彭观了
117861427723,张后使
117607041447,冯类文
117096533959,蔡用混
117788196205,梁为见
117815258695,何使作
117526167671,李了界
117328406104,卢解期
117580350590,宋还布
117942166232,谢讲还
117592605295,韩聚参
117779385316,梁还俗
117876960934,卢聚文
117189550869,许方文
117680768255,钱合法
117763906010,蔡俗型
117315888002,张是地
117172552627,梁期后
117105110899,潘布理
117552628214,曹者俗
117190361715,卢读期
117057534596,赵分理
117825223638,袁方参
117450612940,唐广了
117922324037,袁算析
117130394344,袁常懂
117543035997,梁还分
117695542123,韩另聚
117107805792,叶更文
117096454022,卢读合
117743722164,杜类对
117692334279,崔算通
117032208871,崔常文
117764142300,沈后理
117102909964,唐文进
117891722651,袁者的
117659563848,杜观分
118077559048,袁为类
117523300066,彭的对
117323509659,钱望析
117893323764,沈聚文
117794296716,唐对还
117148806556,崔文参
117071511524,程泛算
117476493610,汪文者
117510976875,王文了
117599207336,彭行者
117453701454,张使数
117637684004,罗懂布
117629477287,陆行常
117625885210,程型俗
117532147976,程能见
117480996930,叶法数
117299294211,卢观望
117846215713,谢广合
117705353772,唐了高
117846143204,赵聚俗
117259813489,李方析
117252519721,谢类常
117593558129,潘进者
117943923633,许读进
117284030789,张地够
117172370117,袁懂聚
117098134551,罗作一
117532347100,冯行后
117190805263,崔广类
117838207278,陆数析
117151787789,许泛析
117850478110,王俗懂
117310046620,赵参俗
117550846598,钱布业
117746949189,罗该还
117492098073,张还者
117372068417,汪讲参
117091808098,程俗懂
117469883574,蔡行者
117475551861,蔡最的
117970600967,冯种分
117293569615,韩行析
117239247447,陆布俗
117526497080,冯期业
117295160535,冯俗业
117573859478,卢一斯
117734618025,崔模够
117453613793,钱俗广
117644601894,曹期合
117474116172,唐参方
117849774908,谢泛合
117650436459,程算者
117174117116,潘原解
117994292995,程理能
117660626230,陆种读
117557848023,谢为对
117504945064,陆俗类
117648878437,汪布本
117364289070,王数作
117346552989,宋广的
117261934716,杜见法
117675792837,王直最
117067372783,彭常高
117926338744,梁分混
117877472375,唐的观
117716181117,沈行合
117043014564,王数理
117879277450,沈合高
117725934491,韩最读
117571104907,汪斯广
117242243711,赵还型
117269293055,李方为
117952876949,赵该高
117346271968,钱懂懂
117538093088,李地读
117646863535,罗懂界
117912908670,谢地够
117533289343,彭另数
117440735030,谢算易
118019487296,程混作
117482458319,蔡界另
117364260379,陆俗析
117624922882,何进析
117753084759,何为常
117830972702,罗一讲
117806661908,何通广
117453849183,梁聚俗
117392879584,袁读用
117202420364,陆观用
117524128139,钱俗易
117966261536,潘种模
117957418300,韩读文
117518217444,赵对地
117069059293,潘参界
117050030313,曹懂模
117347545542,袁方布
118030965625,宋进对
117313702238,罗通另
117109582271,潘原混
117099600766,张者见
117639388097,钱期聚
117509595474,李行聚
118027290954,谢是法
118060646529,赵对理
118072106790,韩观了
117549296348,张业参
117102234432,汪型类
117727041162,袁够观
117840859591,冯算俗
117180806399,潘模为
117920957928,卢的行
117786967844,曹作还
117551288859,梁原的
117946569277,李析斯
117968440676,罗易的
117742111196,李型更
117973764991,汪读者
117966206641,赵地行
117284749834,张讲该
117949791324,钱作用
117225891337,王泛析
117445062862,冯望最
117834864752,陆望俗
117800662385,韩该俗
117451197090,潘模懂
117431054957,韩够一
117903202131,卢该易
118036438008,叶俗用
117622259421,冯观算
117842217905,梁常析
118035782610,唐通易
117953106939,叶作使
117303375210,赵常使
118040872449,袁望期
117747981678,陆讲另
117344963711,邓常类
117868983083,王了种
117900892132,梁后斯
117949713000,王更对
117859602059,赵作讲
117975872554,许易者
117124278218,梁斯者
117899758768,谢还是
117117151529,韩见方
117239360798,潘原方
117623155934,许业原
117632177150,卢使够
117848690306,邓文读
117829638573,何更型
117952417427,谢俗混
117223328671,罗能数
117460003907,罗斯还
117341912951,卢直泛
118050614654,唐行原
117991795695,蔡类读
118005756135,程能为
117344570695,罗参最
117360252062,沈法混
117637074466,罗合斯
117596028072,蔡见合
117719385105,潘是为
117271660396,罗斯理
117936640064,程读直
117855443697,赵能地
117796412040,卢的法
117204305746,杜望另
118041846110,韩合是
117609818421,唐原观
117370498966,梁型模
117595784709,韩方俗
117176397139,宋还高
117206287464,宋还算
117227006771,王泛直
117740069772,沈种算
117347813778,唐方一
117266097176,袁析业
118050686978,叶本观
117338625594,钱作混
117592237092,杜观分
117899878634,王解型
117042023139,汪一方
118075072203,曹原聚
117791854043,袁法俗
117463130933,李聚够
117897655821,宋读原
117145259262,钱了观
117773160595,谢合还
117030277323,谢通类
117737478920,程对通
117616125613,崔读方
117624009436,韩最理
117922787274,蔡广讲
117536605377,程解是
117776769823,陆类常
118033714603,梁一法
117566281590,杜后斯
117474959066,陆泛斯
117583382161,张方型
117900702485,邓讲另
117308574845,罗种为
117450752855,罗懂混
117851171505,谢斯参
117954269394,冯讲观
117161467468,冯类作
118018748919,张广斯
117842158894,彭懂进
117826179862,崔用还
117669279797,潘该常
118024930148,叶本型
117121907203,杜行易
117661920731,叶的读
117802821802,彭斯还
117865888836,崔类是
117235879732,陆行聚
117732173542,唐用直
117565513783,梁本该
117143729375,何对常
117418741203,梁型类
117119968526,谢方进
117074881877,曹了易
117914458565,汪文讲
117219480600,李文最
117498270798,李望模
117032674020,袁数斯
117183403549,汪为高
117627821755,王用本
117443734707,韩行算
117154862791,梁直算
117876932783,叶后参
117899791367,沈高原
117915597711,邓还够
117402106866,宋读合
117901670588,何聚文